SK_ID_CURR,outcome,actual_TARGET,predicted_label,predicted_probability,threshold,distance_from_threshold,AMT_INCOME_TOTAL,AMT_CREDIT,AMT_ANNUITY,age_years,CODE_GENDER,DAYS_EMPLOYED,employment_placeholder,EXT_SOURCE_1,EXT_SOURCE_2,EXT_SOURCE_3,model_run,reviewer,observation,suspected_pattern,proposed_check,proposed_change,result_after_change,review_batch,selection_reason
215363,False negative,1,0,0.0719147772,0.139,-0.06708522280000001,90000.0,518562.0,25078.5,53.3,M,-5447,0,,0.7891817745837143,0.1884895337951677,current_model_20261001T033358362869Z,,,,,,,,
276559,False negative,1,0,0.0816850513,0.139,-0.05731494870000001,101250.0,99000.0,7951.5,27.9,F,-1813,0,,0.3981183183843453,0.4596904504249018,current_model_20261001T033358362869Z,,,,,,,,
102959,False negative,1,0,0.1266138554,0.139,-0.01238614460000001,333000.0,297130.5,21748.5,42.3,F,-3468,0,0.3959758321118558,0.6780340661114229,0.2721336844147212,current_model_20261001T033358362869Z,,,,,,,,
436136,False negative,1,0,0.0749406368,0.139,-0.06405936320000001,112500.0,654498.0,33547.5,38.2,F,-3774,0,,0.3791671889175936,0.520897599048938,current_model_20261001T033358362869Z,,,,,,,,
222610,False negative,1,0,0.1106171235,0.139,-0.028382876500000015,112500.0,436032.0,21208.5,48.7,F,-1046,0,,0.6767390097440252,0.3376727217405312,current_model_20261001T033358362869Z,,,,,,,,
121564,False positive,0,1,0.20476780830000002,0.139,0.06576780830000001,202500.0,1078200.0,31653.0,48.1,M,-3017,0,,0.1923160541736026,0.2471909382666521,current_model_20261001T033358362869Z,,,,,,,,
405943,False positive,0,1,0.2431402504,0.139,0.1041402504,153000.0,270000.0,13500.0,21.2,F,-780,0,0.3992744686779353,0.2120165459307647,0.1777040724853336,current_model_20261001T033358362869Z,,,,,,,,
209864,False positive,0,1,0.3988376856,0.139,0.2598376856,58500.0,272520.0,21658.5,25.4,F,-556,0,0.242034313545309,0.0944112074245134,0.445396241560834,current_model_20261001T033358362869Z,,,,,,,,
102331,False positive,0,1,0.1577074081,0.139,0.01870740809999999,54000.0,180000.0,9000.0,32.4,F,-2308,0,0.2019169829425332,0.1255545334102073,0.3842068130556564,current_model_20261001T033358362869Z,,,,,,,,
283710,False positive,0,1,0.2370374054,0.139,0.0980374054,157500.0,557770.5,28606.5,31.4,M,-1544,0,0.3290003715684939,0.1804639579768,0.3944954053123993,current_model_20261001T033358362869Z,,,,,,,,
